[ {"parserParams":[{"name":"decode-bundle","value":"false","type":"boolean"},{"name":"enable-bERDebugging","value":"false","type":"boolean"},{"name":"default-source","value":"UNKNOWN","type":"java.lang.String"},{"name":"default-access-label","value":"UNCLASSIFIED","type":"java.lang.String"}],"inputFields":["dialogId","sequenceId","requestId","bundleNumber","timeToLive","nwLat","nwLon","seLat","seLon","encodedMsg","timestamp","groupId","serviceId","receiptId","destHost","destPort","fromForwarder","certificate","serviceProviderId"],"name":"objectRegistration","parser":"J2735Parser"} ]