{ "dialogId" : "get(dialogId)", "receiptId" : "get(receiptId)", "sequenceId" : "get(sequenceId)", "groupId" : "get(groupId)", "requestId" : "get(requestId)", "serviceId" : "get(serviceId)", "serviceProviderId" : "get(serviceProviderId)", "destHost" : "get(destHost)", "destPort" : "get(destPort)", "fromForwarder" : "get(fromForwarder)", "certificate" : "get(certificate)", "nwPos" : { "lat" : "get(nwLat)", "lon" : "get(nwLon)" }, "sePos" : { "lat" : "get(seLat)", "lon" : "get(seLon)" }, "encodedMsg" : "get(encodedMsg)" }