[ {"parserParams":[{"name":"decode-bundle","value":"false","type":"boolean"},{"name":"enable-bERDebugging","value":"false","type":"boolean"},{"name":"default-source","value":"UNKNOWN","type":"java.lang.String"},{"name":"default-access-label","value":"UNCLASSIFIED","type":"java.lang.String"}],"inputFields":["dialogId","sequenceId","requestId","nwLat","nwLon","seLat","seLon","receiptId","destHost","destPort","fromForwarder","sourceHost","sourcePort","certificate","timeBound","groupId","serviceId"],"name":"discoveryRequest","parser":"J2735Parser"} ]