[ {"parserParams":[{"name":"decode-bundle","value":"false","type":"boolean"},{"name":"enable-bERDebugging","value":"false","type":"boolean"},{"name":"default-source","value":"UNKNOWN","type":"java.lang.String"},{"name":"default-access-label","value":"UNCLASSIFIED","type":"java.lang.String"}],"inputFields":["DYear","DMonth","DDay","DHour","DMinute","DSecond","Long","Lat","Elevation","Count","latOffset","longOffset","elevationOffset","timeOffset","base64Msg","Location","encodedMsg","vehSitRcdBundle","pathHistoryPoints","dialogId","sequenceId","vsmType","requestId","groupId","DOffset"],"name":"vsdm","parser":"J2735Parser"} ]